0,0,-0.6664
0.0001,0,-0.6675
0.0004,0,-0.6704
0.0007,0,-0.6755
0.0013,0,-0.683
0.0019,0,-0.693
0.0027,0,-0.7053
0.0037,0,-0.72
0.0049,-0.0001,-0.7372
0.0061,-0.0001,-0.7567
0.0075,-0.0001,-0.7782
0.0091,-0.0001,-0.8019
0.0109,-0.0001,-0.8276
0.0127,-0.0002,-0.8553
0.0148,-0.0002,-0.8848
0.0169,-0.0002,-0.9161
0.0193,-0.0003,-0.9491
0.0217,-0.0003,-0.9836
0.0244,-0.0004,-1.0194
0.0271,-0.0004,-1.0566
0.0301,-0.0005,-1.095
0.0331,-0.0005,-1.1345
0.0363,-0.0006,-1.1751
0.0397,-0.0007,-1.2165
0.0432,-0.0007,-1.2587
0.0469,-0.0008,-1.3016
0.0507,-0.0009,-1.3452
0.0547,-0.001,-1.3893
0.0588,-0.0011,-1.4337
0.0631,-0.0012,-1.4785
0.0676,-0.0013,-1.5236
0.0721,-0.0015,-1.5687
0.0768,-0.0016,-1.614
0.0817,-0.0017,-1.6592
0.0867,-0.0019,-1.7043
0.0919,-0.0021,-1.7494
0.0972,-0.0022,-1.7943
0.1027,-0.0024,-1.8388
0.1083,-0.0026,-1.8831
0.1141,-0.0028,-1.927
0.12,-0.003,-1.9705
0.1261,-0.0032,-2.0135
0.1323,-0.0034,-2.056
0.1387,-0.0037,-2.098
0.1452,-0.0039,-2.1394
0.1519,-0.0041,-2.1802
0.1587,-0.0044,-2.2204
0.1657,-0.0047,-2.2599
0.1728,-0.005,-2.2987
0.1801,-0.0053,-2.3368
0.1875,-0.0056,-2.3742
0.195,-0.0059,-2.4108
0.2028,-0.0062,-2.4467
0.2106,-0.0066,-2.4818
0.2186,-0.0069,-2.5161
0.2268,-0.0073,-2.5497
0.2351,-0.0077,-2.5824
0.2436,-0.008,-2.6142
0.2522,-0.0084,-2.6454
0.261,-0.0089,-2.6756
0.2699,-0.0093,-2.705
0.279,-0.0097,-2.7337
0.2882,-0.0102,-2.7614
0.2975,-0.0106,-2.7883
0.307,-0.0111,-2.8144
0.3167,-0.0116,-2.8397
0.3265,-0.012,-2.8641
0.3365,-0.0125,-2.8877
0.3466,-0.0131,-2.9105
0.3568,-0.0136,-2.9324
0.3673,-0.0141,-2.9535
0.3778,-0.0147,-2.9738
0.3886,-0.0152,-2.9933
0.3994,-0.0158,-3.0119
0.4104,-0.0164,-3.0298
0.4216,-0.017,-3.0468
0.4329,-0.0176,-3.063
0.4443,-0.0182,-3.0784
0.456,-0.0188,-3.093
0.4677,-0.0195,-3.1068
0.4796,-0.0201,-3.1199
0.4917,-0.0208,-3.1321
0.5039,-0.0214,-3.1436
0.5162,-0.0221,-3.1542
0.5287,-0.0228,-3.1642
0.5414,-0.0235,-3.1733
0.5542,-0.0242,-3.1817
0.5672,-0.025,-3.1893
0.5803,-0.0257,-3.1961
0.5935,-0.0264,-3.2022
0.6069,-0.0272,-3.2076
0.6205,-0.0279,-3.2122
0.6342,-0.0287,-3.216
0.648,-0.0295,-3.2191
0.662,-0.0303,-3.2215
0.6762,-0.0311,-3.2231
0.6905,-0.0319,-3.224
0.7049,-0.0327,-3.2241
0.7196,-0.0335,-3.2236
0.7343,-0.0343,-3.2223
0.7492,-0.0352,-3.2202
0.7643,-0.036,-3.2174
0.7795,-0.0369,-3.2139
0.7948,-0.0377,-3.2097
0.8103,-0.0386,-3.2048
0.8259,-0.0395,-3.1991
0.8417,-0.0404,-3.1927
0.8577,-0.0413,-3.1855
0.8738,-0.0422,-3.1777
0.89,-0.0431,-3.1691
0.9065,-0.044,-3.1597
0.923,-0.0449,-3.1496
0.9397,-0.0458,-3.1388
0.9566,-0.0467,-3.1273
0.9736,-0.0476,-3.115
0.9907,-0.0486,-3.102
1.008,-0.0495,-3.0882
1.0255,-0.0504,-3.0737
1.043,-0.0514,-3.0584
1.0608,-0.0523,-3.0424
1.0787,-0.0533,-3.0256
1.0968,-0.0542,-3.008
1.1149,-0.0552,-2.9896
1.1333,-0.0561,-2.9705
1.1518,-0.0571,-2.9505
1.1704,-0.058,-2.9298
1.1893,-0.059,-2.9083
1.2082,-0.0599,-2.8859
1.2273,-0.0609,-2.8628
1.2465,-0.0618,-2.8388
1.266,-0.0628,-2.814
1.2855,-0.0637,-2.7883
1.3052,-0.0647,-2.7618
1.3251,-0.0656,-2.7344
1.3451,-0.0666,-2.7061
1.3652,-0.0675,-2.677
1.3855,-0.0685,-2.6469
1.406,-0.0694,-2.6159
1.4266,-0.0703,-2.584
1.4474,-0.0713,-2.5512
1.4682,-0.0722,-2.5174
1.4893,-0.0731,-2.4826
1.5105,-0.074,-2.4468
1.5319,-0.0749,-2.41
1.5534,-0.0758,-2.3722
1.575,-0.0767,-2.3334
1.5968,-0.0775,-2.2934
1.6188,-0.0784,-2.2524
1.6409,-0.0793,-2.2103
1.6631,-0.0801,-2.1671
1.6856,-0.0809,-2.1227
1.7081,-0.0818,-2.0771
1.7309,-0.0826,-2.0303
1.7537,-0.0833,-1.9823
1.7767,-0.0841,-1.9331
1.7999,-0.0849,-1.8825
1.8232,-0.0856,-1.8306
1.8467,-0.0864,-1.7774
1.8703,-0.0871,-1.7228
1.894,-0.0878,-1.6668
1.918,-0.0884,-1.6093
1.942,-0.0891,-1.5503
1.9662,-0.0897,-1.4898
1.9906,-0.0903,-1.4277
2.0151,-0.0909,-1.364
2.0398,-0.0915,-1.2986
2.0646,-0.092,-1.2315
2.0896,-0.0925,-1.1626
2.1145,-0.093,-1.0922
2.1396,-0.0934,-1.0202
2.1645,-0.0938,-0.9467
2.1895,-0.0942,-0.8718
2.2146,-0.0946,-0.7952
2.2395,-0.0949,-0.7172
2.2646,-0.0952,-0.6375
2.2895,-0.0954,-0.5562
2.3145,-0.0956,-0.4731
2.3396,-0.0958,-0.3883
2.3645,-0.0959,-0.3017
2.3895,-0.096,-0.2133
2.4145,-0.0961,-0.123
2.4395,-0.0961,-0.0308
2.4645,-0.096,0.0634
2.4893,-0.096,0.1594
2.514,-0.0959,0.2568
2.5385,-0.0957,0.3558
2.5629,-0.0955,0.4563
2.5871,-0.0953,0.5585
2.6112,-0.095,0.6622
2.6351,-0.0947,0.7677
2.6589,-0.0943,0.8748
2.6825,-0.0939,0.9836
2.706,-0.0935,1.0941
2.7293,-0.093,1.2063
2.7524,-0.0924,1.3204
2.7755,-0.0919,1.4365
2.7983,-0.0912,1.5544
2.8211,-0.0906,1.6741
2.8436,-0.0899,1.7959
2.866,-0.0891,1.9196
2.8883,-0.0883,2.0455
2.9104,-0.0875,2.1734
2.9323,-0.0866,2.3035
2.9542,-0.0857,2.4357
2.9758,-0.0847,2.5702
2.9973,-0.0837,2.7069
3.0187,-0.0826,2.8461
3.0398,-0.0815,2.9876
3.0609,-0.0804,3.1316
3.0818,-0.0792,3.2781
3.1025,-0.0779,3.4272
3.1231,-0.0766,3.579
3.1436,-0.0753,3.7336
3.1638,-0.0739,3.8907
3.1839,-0.0725,4.0507
3.2039,-0.071,4.2136
3.2237,-0.0695,4.3797
3.2434,-0.0679,4.5488
3.2629,-0.0663,4.7209
3.2823,-0.0647,4.8963
3.3015,-0.063,5.075
3.3205,-0.0612,5.2572
3.3394,-0.0594,5.4428
3.3581,-0.0576,5.6321
3.3767,-0.0557,5.8251
3.3951,-0.0537,6.0218
3.4134,-0.0517,6.2224
3.4315,-0.0497,6.427
3.4494,-0.0476,6.6357
3.4673,-0.0455,6.8488
3.4849,-0.0433,7.0663
3.5024,-0.0411,7.2881
3.5197,-0.0388,7.5148
3.5369,-0.0364,7.7462
3.5538,-0.0341,7.9824
3.5707,-0.0316,8.2239
3.5874,-0.0291,8.4707
3.6039,-0.0266,8.7228
3.6203,-0.024,8.9803
3.6365,-0.0214,9.2437
3.6526,-0.0187,9.5131
3.6684,-0.0159,9.7885
3.6842,-0.0131,10.0703
3.6997,-0.0103,10.3587
3.7151,-0.0074,10.6537
3.7304,-0.0045,10.9557
3.7454,-0.0015,11.2649
3.7604,0.0016,11.5818
3.7751,0.0047,11.9063
3.7897,0.0079,12.239
3.8041,0.0111,12.5799
3.8184,0.0144,12.929
3.8325,0.0177,13.2869
3.8464,0.0211,13.6544
3.8601,0.0245,14.0315
3.8737,0.028,14.4178
3.8871,0.0316,14.8144
3.9004,0.0352,15.2219
3.9135,0.0388,15.6403
3.9264,0.0425,16.07
3.9391,0.0463,16.5113
3.9516,0.0501,16.9648
3.964,0.054,17.4308
3.9762,0.058,17.9098
3.9882,0.062,18.4022
4.0001,0.066,18.9086
4.0118,0.0701,19.43
4.0232,0.0743,19.9665
4.0346,0.0785,20.5186
4.0457,0.0828,21.0868
4.0566,0.0872,21.6716
4.0674,0.0916,22.2739
4.078,0.0961,22.894
4.0883,0.1006,23.5328
4.0985,0.1052,24.1909
4.1085,0.1098,24.8689
4.1183,0.1145,25.5667
4.128,0.1192,26.2859
4.1374,0.124,27.0272
4.1466,0.1289,27.7903
4.1556,0.1338,28.576
4.1644,0.1388,29.3849
4.1731,0.1438,30.2189
4.1815,0.1489,31.073
4.1899,0.1541,31.7331
4.1983,0.1594,32.2904
4.2069,0.1649,32.8668
4.2155,0.1706,33.4627
4.2242,0.1765,34.0784
4.2329,0.1826,34.716
4.2417,0.1888,35.3758
4.2505,0.1952,36.0577
4.2594,0.2018,36.7635
4.2683,0.2087,37.4939
4.2772,0.2157,38.2463
4.2858,0.2227,39.0125
4.2943,0.2298,39.7864
4.3026,0.2369,40.5686
4.3107,0.244,41.3583
4.3187,0.2512,42.1554
4.3265,0.2585,42.9605
4.3341,0.2657,43.7737
4.3415,0.2731,44.5938
4.3488,0.2804,45.4217
4.3558,0.2878,46.2571
4.3628,0.2953,47.0991
4.3695,0.3028,47.9483
4.3761,0.3103,48.8046
4.3825,0.3178,49.6677
4.3888,0.3254,50.5384
4.3949,0.3331,51.4156
4.4008,0.3407,52.2981
4.4065,0.3484,53.1876
4.4122,0.3562,54.0837
4.4176,0.364,54.9854
4.4229,0.3718,55.8923
4.428,0.3796,56.8051
4.433,0.3875,57.7235
4.4379,0.3955,58.6473
4.4425,0.4034,59.5761
4.4471,0.4114,60.5087
4.4514,0.4195,61.4458
4.4557,0.4275,62.3879
4.4597,0.4356,63.3337
4.4636,0.4438,64.283
4.4674,0.4519,65.2355
4.471,0.4602,66.1916
4.4745,0.4684,67.151
4.4778,0.4767,68.1126
4.481,0.485,69.0767
4.4841,0.4934,70.0432
4.4869,0.5017,71.0106
4.4897,0.5102,71.9795
4.4923,0.5186,72.9507
4.4947,0.5271,73.9236
4.497,0.5356,74.897
4.4992,0.5442,75.8695
4.5012,0.5528,76.8427
4.5031,0.5614,77.8172
4.5048,0.5701,78.7908
4.5063,0.5788,79.7631
4.5078,0.5875,80.7346
4.509,0.5963,81.7051
4.5102,0.6051,82.6752
4.5112,0.6139,83.6436
4.512,0.6228,84.61
4.5127,0.6317,85.5741
4.5132,0.6406,86.5355
4.5136,0.6496,87.495
4.5139,0.6586,88.4513
4.5139,0.6676,89.4051
4.5139,0.6767,90.3561
4.5137,0.6857,91.3032
4.5133,0.6948,92.2471
4.5128,0.704,93.1874
4.5122,0.7132,94.124
4.5113,0.7224,95.0568
4.5104,0.7316,95.9855
4.5093,0.7408,96.9099
4.508,0.7501,97.83
4.5066,0.7594,98.7455
4.505,0.7687,99.6572
4.5032,0.7781,100.5641
4.5013,0.7874,101.4661
4.4993,0.7968,102.364
4.4971,0.8062,103.2568
4.4947,0.8156,104.1446
4.4922,0.825,105.0272
4.4895,0.8345,105.9046
4.4866,0.8439,106.7776
4.4836,0.8534,107.6462
4.4804,0.8629,108.5096
4.4771,0.8723,109.3678
4.4736,0.8818,110.2209
4.47,0.8913,111.0688
4.4661,0.9008,111.9125
4.4622,0.9103,112.7512
4.458,0.9197,113.5849
4.4537,0.9292,114.4145
4.4493,0.9386,115.2387
4.4447,0.9481,116.0583
4.4399,0.9575,116.8741
4.4349,0.9669,117.6847
4.4298,0.9763,118.4905
4.4246,0.9857,119.2928
4.4192,0.9951,120.0911
4.4136,1.0044,120.8843
4.4079,1.0137,121.6738
4.402,1.0229,122.4599
4.3959,1.0321,123.2413
4.3898,1.0413,124.019
4.3834,1.0504,124.7938
4.3769,1.0595,125.5652
4.3703,1.0686,126.3327
4.3635,1.0775,127.0967
4.3565,1.0865,127.8579
4.3494,1.0954,128.6166
4.3422,1.1042,129.3717
4.3348,1.1129,130.124
4.3273,1.1216,130.8745
4.3197,1.1302,131.6222
4.3119,1.1387,132.3671
4.304,1.1472,133.1103
4.2959,1.1556,133.8519
4.2878,1.1638,134.5915
4.2795,1.172,135.3289
4.271,1.1802,136.0647
4.2625,1.1882,136.7988
4.2538,1.1961,137.5318
4.2451,1.2039,138.2641
4.2362,1.2116,138.9947
4.2272,1.2193,139.7244
4.2181,1.2268,140.4534
4.2089,1.2342,141.1814
4.1996,1.2415,141.9086
4.1902,1.2486,142.6358
4.1807,1.2557,143.3633
4.1712,1.2626,144.0901
4.1615,1.2694,144.8169
4.1518,1.2761,145.544
4.1419,1.2827,146.2711
4.132,1.2891,146.9982
4.122,1.2954,147.7257
4.112,1.3016,148.4542
4.1019,1.3076,149.1835
4.0917,1.3135,149.9136
4.0814,1.3193,150.6442
4.0711,1.3249,151.3754
4.0608,1.3304,152.1079
4.0504,1.3357,152.8421
4.0399,1.3409,153.5773
4.0294,1.346,154.3137
4.0188,1.3509,155.0516
4.0082,1.3557,155.7909
3.9976,1.3603,156.5319
3.987,1.3647,157.274
3.9763,1.3691,158.0181
3.9655,1.3732,158.764
3.9548,1.3772,159.5121
3.944,1.3811,160.2617
3.9332,1.3848,161.013
3.9224,1.3884,161.7665
3.9115,1.3918,162.5219
3.9007,1.3951,163.279
3.8898,1.3982,164.038
3.8791,1.4011,164.795
3.8684,1.4038,165.5461
3.8579,1.4064,166.291
3.8475,1.4088,167.0298
3.8372,1.411,167.7621
3.827,1.4131,168.488
3.8169,1.415,169.2066
3.807,1.4168,169.9184
3.7972,1.4184,170.6233
3.7875,1.4199,171.321
3.7779,1.4212,172.0115
3.7685,1.4225,172.6938
3.7592,1.4235,173.3685
3.7501,1.4245,174.0355
3.7411,1.4253,174.6944
3.7322,1.426,175.3453
3.7235,1.4267,175.9878
3.7149,1.4272,176.6212
3.7065,1.4276,177.2458
3.6982,1.4279,177.8617
3.69,1.4281,178.4678
3.682,1.4282,179.0762
3.6741,1.4282,-179.9927
3.6662,1.4281,-178.9076
3.6583,1.4278,-177.8204
3.6504,1.4273,-176.7315
3.6426,1.4267,-175.6402
3.6347,1.426,-174.5484
3.6269,1.4251,-173.4553
3.6191,1.424,-172.3616
3.6113,1.4228,-171.2692
3.6036,1.4215,-170.1773
3.5959,1.42,-169.0865
3.5881,1.4184,-167.996
3.5804,1.4166,-166.9078
3.5728,1.4146,-165.8223
3.5651,1.4125,-164.7388
3.5574,1.4103,-163.6579
3.5498,1.4079,-162.5813
3.5422,1.4054,-161.5097
3.5346,1.4027,-160.4408
3.527,1.3998,-159.3764
3.5195,1.3968,-158.3171
3.5119,1.3936,-157.2632
3.5044,1.3903,-156.2152
3.4969,1.3869,-155.1722
3.4894,1.3832,-154.1359
3.482,1.3794,-153.1066
3.4745,1.3755,-152.0834
3.4671,1.3714,-151.0666
3.4597,1.3671,-150.0578
3.4523,1.3627,-149.056
3.4449,1.3581,-148.0616
3.4376,1.3534,-147.0746
3.4303,1.3484,-146.0954
3.423,1.3434,-145.1241
3.4157,1.3381,-144.1598
3.4085,1.3327,-143.2049
3.4013,1.3271,-142.2583
3.3941,1.3214,-141.3192
3.387,1.3155,-140.3886
3.3798,1.3094,-139.4666
3.3728,1.3031,-138.5523
3.3657,1.2967,-137.6466
3.3587,1.2901,-136.7497
3.3517,1.2833,-135.8604
3.3448,1.2764,-134.9799
3.3379,1.2693,-134.1069
3.3311,1.262,-133.2425
3.3243,1.2546,-132.3866
3.3175,1.247,-131.5381
3.3108,1.2392,-130.6979
3.3042,1.2312,-129.8659
3.2976,1.2231,-129.041
3.2911,1.2148,-128.224
3.2846,1.2063,-127.4147
3.2781,1.1977,-126.612
3.2718,1.1889,-125.8168
3.2655,1.1799,-125.0296
3.2593,1.1708,-124.2495
3.2531,1.1614,-123.4752
3.247,1.152,-122.7076
3.241,1.1423,-121.9464
3.2351,1.1326,-121.1921
3.2293,1.1226,-120.4444
3.2235,1.1125,-119.7025
3.2178,1.1023,-118.966
3.2123,1.0919,-118.2354
3.2068,1.0813,-117.5105
3.2014,1.0706,-116.7903
3.1961,1.0598,-116.0752
3.1909,1.0488,-115.3658
3.1857,1.0377,-114.661
3.1807,1.0264,-113.9605
3.1758,1.015,-113.2648
3.1711,1.0035,-112.5736
3.1664,0.9919,-111.8859
3.1618,0.9802,-111.2021
3.1574,0.9683,-110.5226
3.1531,0.9563,-109.8465
3.1489,0.9442,-109.1735
3.1448,0.932,-108.5033
3.1408,0.9197,-107.8362
3.137,0.9073,-107.1721
3.1333,0.8948,-106.5105
3.1297,0.8823,-105.852
3.1263,0.8696,-105.1955
3.123,0.8569,-104.5408
3.1198,0.8441,-103.8882
3.1168,0.8312,-103.2375
3.1139,0.8183,-102.5878
3.1112,0.8053,-101.9395
3.1086,0.7923,-101.2929
3.1061,0.7792,-100.6477
3.1038,0.766,-100.0032
3.1016,0.7529,-99.3596
3.0996,0.7396,-98.7167
3.0977,0.7264,-98.0736
3.096,0.7131,-97.4315
3.0944,0.6998,-96.7893
3.093,0.6865,-96.1476
3.0917,0.6732,-95.506
3.0905,0.6599,-94.8631
3.0896,0.6465,-94.22
3.0887,0.6332,-93.5771
3.088,0.6199,-92.9336
3.0875,0.6066,-92.2891
3.0871,0.5933,-91.6437
3.0869,0.58,-90.9977
3.0868,0.5667,-90.3503
3.0869,0.5535,-89.7012
3.0871,0.5403,-89.0518
3.0875,0.5271,-88.4005
3.088,0.514,-87.7477
3.0886,0.5008,-87.0934
3.0895,0.4878,-86.4368
3.0904,0.4748,-85.779
3.0915,0.4618,-85.1199
3.0928,0.4489,-84.4587
3.0942,0.4361,-83.7947
3.0957,0.4233,-83.1283
3.0974,0.4105,-82.4602
3.0992,0.3979,-81.7904
3.1012,0.3852,-81.1179
3.1033,0.3727,-80.4427
3.1056,0.3602,-79.7655
3.108,0.3479,-79.0863
3.1105,0.3355,-78.4041
3.1131,0.3233,-77.7189
3.1159,0.3111,-77.0315
3.1189,0.2991,-76.3418
3.1219,0.2871,-75.6498
3.1252,0.2751,-74.9547
3.1285,0.2633,-74.2564
3.132,0.2516,-73.5557
3.1356,0.2399,-72.8527
3.1393,0.2283,-72.1465
3.1431,0.2169,-71.4379
3.1471,0.2055,-70.727
3.1512,0.1942,-70.0129
3.1554,0.183,-69.2966
3.1598,0.1719,-68.5772
3.1643,0.1609,-67.8547
3.1689,0.15,-67.1301
3.1736,0.1392,-66.4034
3.1785,0.1284,-65.6738
3.1834,0.1178,-64.9415
3.1885,0.1073,-64.2072
3.1937,0.0969,-63.4703
3.199,0.0866,-62.7308
3.2045,0.0764,-61.9897
3.21,0.0662,-61.2462
3.2157,0.0562,-60.5005
3.2215,0.0463,-59.7525
3.2273,0.0365,-59.0026
3.2334,0.0268,-58.2507
3.2395,0.0172,-57.497
3.2457,0.0077,-56.7417
3.2521,-0.0017,-55.9848
3.2585,-0.011,-55.2266
3.2651,-0.0202,-54.4671
3.2718,-0.0293,-53.7056
3.2785,-0.0383,-52.9432
3.2855,-0.0472,-52.18
3.2925,-0.056,-51.4153
3.2996,-0.0647,-50.6502
3.3068,-0.0732,-49.8838
3.3141,-0.0817,-49.1174
3.3216,-0.0901,-48.3511
3.3291,-0.0984,-47.5831
3.3368,-0.1065,-46.8147
3.3446,-0.1146,-46.0469
3.3525,-0.1225,-45.279
3.3604,-0.1304,-44.5121
3.3685,-0.1381,-43.7455
3.3767,-0.1458,-42.9783
3.385,-0.1533,-42.2118
3.3935,-0.1607,-41.4461
3.402,-0.1681,-40.6815
3.4106,-0.1753,-39.918
3.4194,-0.1824,-39.155
3.4282,-0.1894,-38.3935
3.4372,-0.1963,-37.6339
3.4463,-0.2031,-36.8752
3.4554,-0.2098,-36.1187
3.4647,-0.2164,-35.3636
3.4741,-0.2229,-34.6101
3.4837,-0.2293,-33.8593
3.4933,-0.2356,-33.1104
3.503,-0.2418,-32.3637
3.5129,-0.2478,-31.6202
3.5229,-0.2538,-30.8792
3.5329,-0.2597,-30.1408
3.5431,-0.2654,-29.4052
3.5535,-0.271,-28.6717
3.5639,-0.2766,-27.9413
3.5744,-0.282,-27.2151
3.5851,-0.2873,-26.4924
3.5959,-0.2925,-25.7724
3.6067,-0.2976,-25.0562
3.6178,-0.3026,-24.3438
3.6289,-0.3075,-23.6345
3.6401,-0.3122,-22.9295
3.6515,-0.3169,-22.2278
3.663,-0.3214,-21.5305
3.6746,-0.3258,-20.8378
3.6864,-0.3301,-20.148
3.6983,-0.3343,-19.463
3.7103,-0.3384,-18.7828
3.7224,-0.3424,-18.1068
3.7346,-0.3462,-17.4349
3.747,-0.35,-16.7674
3.7595,-0.3536,-16.1052
3.7721,-0.3571,-15.4474
3.7849,-0.3604,-14.7942
3.7978,-0.3637,-14.1457
3.8108,-0.3668,-13.502
3.824,-0.3698,-12.863
3.8373,-0.3727,-12.2289
3.8507,-0.3755,-11.5998
3.8643,-0.3781,-10.9748
3.878,-0.3806,-10.3558
3.8919,-0.383,-9.7418
3.9059,-0.3852,-9.1322
3.9198,-0.3873,-8.5311
3.9337,-0.3892,-7.9431
3.9475,-0.391,-7.3705
3.961,-0.3927,-6.8138
3.9745,-0.3941,-6.2721
3.9878,-0.3955,-5.745
4.001,-0.3967,-5.2323
4.0141,-0.3978,-4.733
4.027,-0.3987,-4.2469
4.0398,-0.3996,-3.7738
4.0524,-0.4003,-3.3126
4.0649,-0.4009,-2.8283
4.0776,-0.4014,-2.1797
4.0904,-0.4017,-1.5276
4.1033,-0.4019,-0.8971
4.1165,-0.402,-0.2876
4.1297,-0.4019,0.3004
4.1431,-0.4017,0.8681
4.1567,-0.4014,1.416
4.1704,-0.4009,1.9441
4.1842,-0.4003,2.4539
4.1982,-0.3996,2.9453
4.2124,-0.3988,3.419
4.2266,-0.3978,3.8749
4.2411,-0.3967,4.3141
4.2556,-0.3955,4.7371
4.2703,-0.3942,5.1439
4.2852,-0.3927,5.535
4.3001,-0.3912,5.9111
4.3153,-0.3895,6.2723
4.3305,-0.3878,6.6194
4.3459,-0.3859,6.9524
4.3615,-0.3839,7.2717
4.3771,-0.3818,7.5778
4.393,-0.3796,7.8709
4.4089,-0.3773,8.1513
4.425,-0.375,8.4191
4.4412,-0.3725,8.6748
4.4576,-0.3699,8.9187
4.4741,-0.3673,9.1509
4.4907,-0.3645,9.3718
4.5075,-0.3617,9.5815
4.5244,-0.3588,9.7801
4.5414,-0.3558,9.9679
4.5586,-0.3527,10.1451
4.576,-0.3495,10.3119
4.5934,-0.3463,10.4682
4.611,-0.343,10.6144
4.6288,-0.3397,10.7506
4.6467,-0.3362,10.8767
4.6647,-0.3327,10.993
4.6828,-0.3292,11.0995
4.7011,-0.3255,11.1963
4.7196,-0.3219,11.2835
4.7382,-0.3181,11.361
4.7569,-0.3143,11.429
4.7758,-0.3105,11.4875
4.7948,-0.3066,11.5364
4.814,-0.3027,11.5758
4.8333,-0.2987,11.6056
4.8527,-0.2947,11.6259
4.8724,-0.2907,11.6365
4.8921,-0.2866,11.6374
4.912,-0.2825,11.6287
4.932,-0.2784,11.6101
4.9522,-0.2743,11.5815
4.9726,-0.2701,11.5429
4.9931,-0.2659,11.4942
5.0137,-0.2618,11.4352
5.0345,-0.2576,11.3657
5.0554,-0.2534,11.2855
5.0765,-0.2492,11.1945
5.0978,-0.2451,11.0925
5.1192,-0.2409,10.9791
5.1407,-0.2368,10.8543
5.1621,-0.2327,10.7188
5.1834,-0.2288,10.5733
5.2046,-0.2249,10.418
5.2256,-0.2211,10.253
5.2465,-0.2174,10.0786
5.2672,-0.2137,9.8948
5.2878,-0.2102,9.7016
5.3083,-0.2068,9.4991
5.3286,-0.2035,9.2873
5.3488,-0.2003,9.0663
5.3688,-0.1971,8.8364
5.3887,-0.1941,8.5973
5.4085,-0.1912,8.3489
5.4282,-0.1884,8.0915
5.4477,-0.1857,7.825
5.4671,-0.1832,7.5495
5.4863,-0.1807,7.2649
5.5054,-0.1784,6.9711
5.5244,-0.1762,6.6684
5.5432,-0.1741,6.3565
5.5619,-0.1721,6.0355
5.5805,-0.1702,5.7052
5.5989,-0.1685,5.3657
5.6171,-0.1669,5.0173
5.6353,-0.1654,4.6594
5.6533,-0.1641,4.2922
5.6711,-0.1629,3.9157
5.6889,-0.1618,3.5301
5.7064,-0.1608,3.135
5.7238,-0.16,2.7307
5.7411,-0.1593,2.3171
5.7583,-0.1587,1.8938
5.7753,-0.1583,1.4611
5.7921,-0.158,1.0193
5.8088,-0.1578,0.5679
5.8254,-0.1578,0.1069
5.8418,-0.1579,-0.3636
5.858,-0.1581,-0.8431
5.8741,-0.1585,-1.332
5.89,-0.159,-1.8305
5.9058,-0.1596,-2.3378
5.9214,-0.1604,-2.8545
5.9369,-0.1613,-3.3802
5.9522,-0.1624,-3.9149
5.9674,-0.1636,-4.459
5.9824,-0.1649,-5.0119
5.9972,-0.1663,-5.5731
6.0119,-0.1679,-6.143
6.0263,-0.1696,-6.7214
6.0407,-0.1715,-7.3077
6.0548,-0.1734,-7.9018
6.0688,-0.1755,-8.5041
6.0826,-0.1777,-9.1138
6.0963,-0.1801,-9.7307
6.1098,-0.1825,-10.3548
6.1231,-0.1851,-10.9852
6.1362,-0.1878,-11.6227
6.1492,-0.1906,-12.2673
6.162,-0.1936,-12.918
6.1746,-0.1966,-13.5753
6.1871,-0.1998,-14.2389
6.1995,-0.2031,-14.9086
6.2117,-0.2065,-15.5847
6.2237,-0.21,-16.2663
6.2356,-0.2136,-16.9539
6.2474,-0.2174,-17.6478
6.259,-0.2212,-18.3471
6.2705,-0.2252,-19.0516
6.2818,-0.2293,-19.7616
6.2931,-0.2335,-20.4768
6.3041,-0.2378,-21.1971
6.3151,-0.2422,-21.922
6.3259,-0.2467,-22.652
6.3366,-0.2513,-23.3861
6.3472,-0.2561,-24.1247
6.3577,-0.2609,-24.8675
6.3681,-0.2659,-25.6142
6.3783,-0.271,-26.3652
6.3884,-0.2761,-27.1186
6.3984,-0.2814,-27.8758
6.4083,-0.2868,-28.6363
6.4181,-0.2924,-29.3998
6.4278,-0.298,-30.166
6.4374,-0.3037,-30.9345
6.4469,-0.3096,-31.7058
6.4562,-0.3155,-32.4788
6.4655,-0.3216,-33.2531
6.4747,-0.3278,-34.0292
6.4837,-0.3341,-34.7634
6.4929,-0.3406,-35.2464
6.5021,-0.3472,-35.7022
6.5114,-0.354,-36.1736
6.5207,-0.3609,-36.6622
6.5301,-0.3681,-37.1691
6.5396,-0.3754,-37.6949
6.5491,-0.3829,-38.24
6.5586,-0.3905,-38.8056
6.5682,-0.3984,-39.393
6.5778,-0.4065,-40.0034
6.5875,-0.4147,-40.6375
6.597,-0.4231,-41.2932
6.6064,-0.4316,-41.9638
6.6155,-0.44,-42.6439
6.6244,-0.4484,-43.3344
6.6332,-0.4568,-44.0359
6.6417,-0.4653,-44.7472
6.65,-0.4737,-45.4679
6.658,-0.4821,-46.1984
6.6659,-0.4905,-46.9397
6.6736,-0.4989,-47.6902
6.681,-0.5074,-48.4502
6.6883,-0.5158,-49.2201
6.6953,-0.5241,-49.9993
6.7022,-0.5325,-50.7885
6.7088,-0.5409,-51.5877
6.7152,-0.5493,-52.396
6.7215,-0.5576,-53.2142
6.7276,-0.566,-54.0429
6.7334,-0.5743,-54.8806
6.7391,-0.5827,-55.7278
6.7446,-0.591,-56.5846
6.7499,-0.5993,-57.4506
6.755,-0.6076,-58.3268
6.76,-0.6159,-59.2112
6.7647,-0.6242,-60.1053
6.7693,-0.6325,-61.0089
6.7738,-0.6408,-61.9211
6.778,-0.649,-62.8424
6.7821,-0.6573,-63.7717
6.786,-0.6655,-64.7098
6.7897,-0.6738,-65.6562
6.7932,-0.682,-66.6108
6.7966,-0.6902,-67.5732
6.7999,-0.6984,-68.5432
6.8029,-0.7066,-69.5212
6.8058,-0.7148,-70.5061
6.8086,-0.723,-71.4976
6.8111,-0.7312,-72.4961
6.8136,-0.7394,-73.5012
6.8158,-0.7476,-74.5126
6.8179,-0.7557,-75.5299
6.8199,-0.7639,-76.5517
6.8217,-0.772,-77.5794
6.8233,-0.7802,-78.6117
6.8248,-0.7883,-79.6481
6.8261,-0.7964,-80.69
6.8273,-0.8046,-81.735
6.8283,-0.8127,-82.7827
6.8292,-0.8208,-83.8345
6.83,-0.8289,-84.8889
6.8305,-0.837,-85.9454
6.831,-0.8451,-87.0036
6.8312,-0.8532,-88.0629
6.8313,-0.8613,-89.1247
6.8313,-0.8694,-90.1875
6.8311,-0.8775,-91.25
6.8308,-0.8856,-92.3125
6.8303,-0.8936,-93.3746
6.8297,-0.9017,-94.4358
6.8289,-0.9098,-95.4965
6.828,-0.9179,-96.5553
6.8269,-0.9259,-97.6126
6.8257,-0.934,-98.6681
6.8243,-0.942,-99.7204
6.8228,-0.9501,-100.7707
6.8211,-0.9581,-101.8179
6.8193,-0.9662,-102.8615
6.8173,-0.9742,-103.902
6.8151,-0.9822,-104.9382
6.8128,-0.9903,-105.9696
6.8104,-0.9983,-106.9968
6.8078,-1.0063,-108.0195
6.805,-1.0143,-109.0374
6.8021,-1.0223,-110.0501
6.799,-1.0303,-111.0575
6.7958,-1.0383,-112.06
6.7924,-1.0462,-113.0566
6.7889,-1.0542,-114.0464
6.7852,-1.0621,-115.0306
6.7813,-1.07,-116.0091
6.7773,-1.0779,-116.9811
6.7731,-1.0858,-117.9463
6.7687,-1.0937,-118.9054
6.7642,-1.1015,-119.8583
6.7596,-1.1093,-120.8042
6.7547,-1.1172,-121.7437
6.7498,-1.1249,-122.6769
6.7446,-1.1327,-123.6036
6.7393,-1.1404,-124.5239
6.7338,-1.1481,-125.4371
6.7282,-1.1558,-126.3439
6.7224,-1.1634,-127.2444
6.7164,-1.171,-128.1379
6.7103,-1.1785,-129.0244
6.704,-1.1861,-129.9049
6.6976,-1.1935,-130.7794
6.691,-1.201,-131.6473
6.6842,-1.2083,-132.5095
6.6773,-1.2157,-133.366
6.6702,-1.2229,-134.2164
6.663,-1.2301,-135.0603
6.6556,-1.2373,-135.8984
6.648,-1.2444,-136.7317
6.6404,-1.2514,-137.5589
6.6325,-1.2584,-138.3811
6.6245,-1.2653,-139.1984
6.6164,-1.2721,-140.0104
6.6081,-1.2789,-140.8174
6.5997,-1.2855,-141.6197
6.5912,-1.2921,-142.4175
6.5825,-1.2986,-143.2111
6.5736,-1.305,-144.0008
6.5647,-1.3114,-144.7862
6.5556,-1.3176,-145.5677
6.5464,-1.3237,-146.3456
6.537,-1.3298,-147.1201
6.5276,-1.3357,-147.8915
6.518,-1.3415,-148.6596
6.5083,-1.3472,-149.4247
6.4985,-1.3529,-150.1877
6.4886,-1.3584,-150.9477
6.4786,-1.3637,-151.7051
6.4685,-1.369,-152.4608
6.4583,-1.3742,-153.2145
6.448,-1.3792,-153.9659
6.4377,-1.3841,-154.716
6.4272,-1.3889,-155.465
6.4167,-1.3935,-156.2122
6.4061,-1.398,-156.9584
6.3954,-1.4024,-157.7045
6.3847,-1.4066,-158.4496
6.3739,-1.4107,-159.1937
6.363,-1.4147,-159.9374
6.3521,-1.4185,-160.6816
6.3412,-1.4222,-161.426
6.3302,-1.4257,-162.17
6.3191,-1.4291,-162.9142
6.3081,-1.4324,-163.6596
6.297,-1.4354,-164.4052
6.2859,-1.4384,-165.1513
6.2747,-1.4412,-165.8988
6.2636,-1.4438,-166.6473
6.2524,-1.4463,-167.3971
6.2412,-1.4487,-168.1484
6.23,-1.4509,-168.9015
6.2188,-1.4529,-169.6564
6.2076,-1.4548,-170.4125
6.1964,-1.4566,-171.1703
6.1853,-1.4581,-171.9307
6.1741,-1.4596,-172.6933
6.163,-1.4608,-173.4583
6.1518,-1.462,-174.2252
6.1407,-1.4629,-174.9947
6.1296,-1.4638,-175.7341
6.1183,-1.4645,-176.4334
6.1068,-1.4651,-177.1523
6.0952,-1.4655,-177.8893
6.0837,-1.4658,-178.6362
6.0724,-1.4659,-179.3881
6.0611,-1.4658,179.855
6.0498,-1.4657,179.0922
6.0387,-1.4653,178.3247
6.0276,-1.4649,177.5525
6.0166,-1.4642,176.7747
6.0057,-1.4635,175.9916
5.9949,-1.4626,175.204
5.9841,-1.4615,174.4123
5.9734,-1.4603,173.6145
5.9628,-1.459,172.8127
5.9523,-1.4575,172.0071
5.9418,-1.4559,171.1968
5.9314,-1.4541,170.3819
5.9212,-1.4522,169.5627
5.9109,-1.4502,168.7391
5.9008,-1.448,167.9114
5.8907,-1.4457,167.0807
5.8808,-1.4433,166.2462
5.8709,-1.4407,165.4081
5.861,-1.438,164.5664
5.8513,-1.4351,163.7204
5.8416,-1.4322,162.8711
5.8321,-1.4291,162.0199
5.8226,-1.4258,161.1658
5.8131,-1.4224,160.308
5.8038,-1.419,159.4476
5.7945,-1.4153,158.5849
5.7853,-1.4116,157.719
5.7763,-1.4077,156.851
5.7672,-1.4037,155.9812
5.7583,-1.3995,155.1098
5.7495,-1.3952,154.2358
5.7407,-1.3908,153.3593
5.732,-1.3863,152.4818
5.7234,-1.3817,151.6032
5.7149,-1.3769,150.7227
5.7065,-1.372,149.8405
5.6982,-1.367,148.9577
5.6899,-1.3619,148.0746
5.6818,-1.3566,147.1902
5.6737,-1.3512,146.3047
5.6657,-1.3457,145.4182
5.6578,-1.3401,144.5309
5.65,-1.3343,143.6439
5.6423,-1.3285,142.7563
5.6347,-1.3225,141.8684
5.6272,-1.3164,140.9811
5.6198,-1.3102,140.0936
5.6124,-1.3039,139.205
5.6052,-1.2974,138.3175
5.5981,-1.2909,137.4311
5.591,-1.2842,136.545
5.5841,-1.2774,135.6581
5.5772,-1.2705,134.7716
5.5705,-1.2635,133.8866
5.5639,-1.2564,133.0022
5.5574,-1.2492,132.1194
5.5509,-1.2419,131.2372
5.5446,-1.2345,130.3547
5.5384,-1.2269,129.474
5.5323,-1.2193,128.5941
5.5263,-1.2115,127.715
5.5205,-1.2037,126.8377
5.5147,-1.1958,125.9614
5.509,-1.1877,125.0858
5.5035,-1.1796,124.2112
5.4981,-1.1714,123.3385
5.4928,-1.163,122.4666
5.4876,-1.1546,121.5955
5.4826,-1.1461,120.7263
5.4776,-1.1375,119.8589
5.4728,-1.1288,118.9922
5.4681,-1.1201,118.1263
5.4636,-1.1112,117.263
5.4591,-1.1023,116.4003
5.4548,-1.0933,115.5382
5.4507,-1.0842,114.6776
5.4466,-1.075,113.8184
5.4427,-1.0658,112.9615
5.4389,-1.0565,112.105
5.4353,-1.0472,111.2496
5.4318,-1.0377,110.3953
5.4284,-1.0282,109.542
5.4252,-1.0187,108.6906
5.4221,-1.009,107.8391
5.4191,-0.9994,106.9893
5.4163,-0.9896,106.141
5.4136,-0.9798,105.2924
5.4111,-0.97,104.4451
5.4087,-0.9601,103.599
5.4065,-0.9502,102.7532
5.4044,-0.9402,101.9084
5.4024,-0.9302,101.0645
5.4006,-0.9202,100.2215
5.3989,-0.9102,99.3792
5.3974,-0.9001,98.5375
5.3961,-0.8899,97.6962
5.3948,-0.8798,96.8554
5.3938,-0.8696,96.0148
5.3928,-0.8594,95.1744
5.3921,-0.8492,94.335
5.3914,-0.839,93.4965
5.391,-0.8287,92.6578
5.3906,-0.8185,91.8189
5.3905,-0.8082,90.9806
5.3904,-0.798,90.1428
5.3906,-0.7877,89.3045
5.3908,-0.7775,88.4664
5.3913,-0.7672,87.6296
5.3918,-0.757,86.7919
5.3926,-0.7467,85.9544
5.3934,-0.7365,85.1178
5.3945,-0.7263,84.2802
5.3956,-0.7161,83.4424
5.397,-0.7059,82.6055
5.3984,-0.6958,81.7682
5.4,-0.6856,80.9307
5.4018,-0.6755,80.0929
5.4037,-0.6654,79.2556
5.4058,-0.6554,78.4189
5.408,-0.6453,77.5807
5.4103,-0.6354,76.7431
5.4128,-0.6254,75.9059
5.4155,-0.6155,75.0682
5.4183,-0.6056,74.2309
5.4212,-0.5958,73.3941
5.4243,-0.586,72.5568
5.4275,-0.5762,71.719
5.4309,-0.5665,70.8826
5.4344,-0.5569,70.0457
5.438,-0.5473,69.2084
5.4418,-0.5377,68.3726
5.4457,-0.5282,67.5364
5.4498,-0.5188,66.7008
5.454,-0.5094,65.8659
5.4584,-0.5,65.0307
5.4628,-0.4908,64.1963
5.4675,-0.4815,63.3628
5.4722,-0.4724,62.5301
5.4771,-0.4633,61.6974
5.4822,-0.4543,60.8657
5.4873,-0.4453,60.0351
5.4926,-0.4364,59.2048
5.4981,-0.4276,58.3757
5.5036,-0.4188,57.548
5.5094,-0.4101,56.7208
5.5152,-0.4015,55.8951
5.5212,-0.3929,55.0711
5.5273,-0.3844,54.2478
5.5335,-0.376,53.4264
5.5399,-0.3677,52.607
5.5464,-0.3594,51.7886
5.553,-0.3512,50.9714
5.5598,-0.3431,50.1565
5.5667,-0.3351,49.3441
5.5737,-0.3272,48.5331
5.5809,-0.3193,47.7238
5.5882,-0.3115,46.9173
5.5956,-0.3038,46.1136
5.6031,-0.2961,45.312
5.6108,-0.2886,44.5124
5.6186,-0.2811,43.7152
5.6265,-0.2738,42.9212
5.6346,-0.2664,42.1298
5.6428,-0.2592,41.3409
5.6511,-0.2521,40.5558
5.6596,-0.2451,39.7725
5.6682,-0.2381,38.9922
5.6769,-0.2313,38.216
5.6858,-0.2245,37.4429
5.6947,-0.2178,36.6732
5.7038,-0.2112,35.9069
5.7131,-0.2047,35.1441
5.7224,-0.1983,34.3849
5.7319,-0.192,33.6295
5.7415,-0.1858,32.8779
5.7513,-0.1796,32.1294
5.7612,-0.1736,31.3849
5.7712,-0.1677,30.6455
5.7814,-0.1618,29.9094
5.7916,-0.1561,29.1767
5.802,-0.1505,28.4494
5.8126,-0.1449,27.7257
5.8233,-0.1395,27.0056
5.8341,-0.1341,26.2912
5.845,-0.1289,25.5806
5.8561,-0.1238,24.8739
5.8673,-0.1187,24.173
5.8786,-0.1138,23.4762
5.8901,-0.109,22.7836
5.9017,-0.1043,22.096
5.9135,-0.0997,21.4128
5.9254,-0.0952,20.7338
5.9374,-0.0908,20.0593
5.9496,-0.0865,19.3902
5.9619,-0.0823,18.7263
5.9743,-0.0783,18.0671
5.9869,-0.0743,17.4124
5.9996,-0.0705,16.7624
6.0124,-0.0668,16.118
6.0254,-0.0632,15.4782
6.0386,-0.0597,14.8432
6.0519,-0.0563,14.2131
6.0653,-0.0531,13.5877
6.0788,-0.05,12.968
6.0925,-0.047,12.3532
6.1064,-0.0441,11.7424
6.1204,-0.0413,11.1367
6.1345,-0.0387,10.5366
6.1488,-0.0362,9.9414
6.1632,-0.0338,9.3512
6.1778,-0.0316,8.766
6.1925,-0.0295,8.1857
6.2073,-0.0275,7.6104
6.2224,-0.0256,7.0394
6.2375,-0.0239,6.4733
6.2528,-0.0223,5.913
6.2683,-0.0209,5.3576
6.2839,-0.0196,4.8064
6.2997,-0.0184,4.2603
6.3156,-0.0173,3.719
6.3317,-0.0165,3.1827
6.3479,-0.0157,2.6514
6.3643,-0.0151,2.1242
6.3808,-0.0146,1.602
6.3975,-0.0143,1.0846
6.4144,-0.0141,0.5721
6.4313,-0.0141,0.0645
6.4484,-0.0143,-0.4378
6.4657,-0.0145,-0.9352
6.4832,-0.015,-1.4286
6.5008,-0.0156,-1.9172
6.5185,-0.0163,-2.4005
6.5363,-0.0172,-2.8785
6.5543,-0.0182,-3.0833
6.5725,-0.019,-2.716
6.5908,-0.0198,-2.3361
6.6093,-0.0204,-1.9622
6.628,-0.0209,-1.594
6.6467,-0.0213,-1.2311
6.6657,-0.0216,-0.873
6.6848,-0.0218,-0.5191
6.704,-0.0219,-0.1691
6.7234,-0.0218,0.1778
6.7429,-0.0216,0.5215
6.7626,-0.0213,0.8624
6.7825,-0.0209,1.2012
6.8024,-0.0204,1.5381
6.8226,-0.0197,1.8732
6.8428,-0.0189,2.207
6.8633,-0.018,2.5401
6.8838,-0.017,2.8725
6.9045,-0.0158,3.2046
6.9254,-0.0145,3.5369
6.9464,-0.0131,3.8695
6.9675,-0.0116,4.2028
6.9888,-0.0099,4.5371
7.0102,-0.0081,4.8728
7.0317,-0.0061,5.2102
7.0534,-0.004,5.5496
7.0752,-0.0017,5.891
7.0968,0.0006,6.2326
7.1183,0.0031,6.5729
7.1396,0.0057,6.9118
7.1608,0.0084,7.2497
7.1818,0.0112,7.5869
7.2026,0.0141,7.9235
7.2233,0.0171,8.2598
7.2438,0.0202,8.5963
7.2641,0.0234,8.9331
7.2843,0.0267,9.2702
7.3043,0.03,9.6081
7.3241,0.0335,9.947
7.3438,0.0371,10.2868
7.3633,0.0407,10.6282
7.3826,0.0445,10.9713
7.4017,0.0483,11.316
7.4207,0.0522,11.6627
7.4395,0.0562,12.0117
7.4582,0.0603,12.3631
7.4766,0.0645,12.7168
7.4949,0.0687,13.0734
7.513,0.0731,13.4329
7.531,0.0775,13.7956
7.5488,0.082,14.1617
7.5664,0.0865,14.5315
7.5838,0.0912,14.9049
7.601,0.0959,15.282
7.6181,0.1007,15.6634
7.635,0.1055,16.0492
7.6517,0.1105,16.4394
7.6683,0.1155,16.8345
7.6846,0.1205,17.2344
7.7008,0.1257,17.6392
7.7168,0.1309,18.0494
7.7326,0.1362,18.4652
7.7483,0.1415,18.8867
7.7637,0.1469,19.3142
7.779,0.1524,19.7478
7.7941,0.158,20.1878
7.809,0.1636,20.6342
7.8237,0.1693,21.0877
7.8383,0.175,21.5481
7.8526,0.1808,22.0156
7.8668,0.1867,22.4908
7.8808,0.1926,22.9734
7.8946,0.1986,23.4638
7.9082,0.2046,23.9629
7.9216,0.2107,24.4702
7.9348,0.2169,24.9858
7.9478,0.2231,25.5104
7.9606,0.2294,26.0442
7.9733,0.2357,26.5875
7.9857,0.2421,27.1401
7.998,0.2485,27.7021
8.01,0.255,28.2743
8.0219,0.2615,28.8569
8.0335,0.2681,29.4496
8.045,0.2747,30.0527
8.0562,0.2814,30.6669
8.0673,0.2881,31.2918
8.0781,0.2949,31.9278
8.0888,0.3017,32.5755
8.0992,0.3085,33.2346
8.1094,0.3154,33.9047
8.1195,0.3223,34.5865
8.1293,0.3293,35.2803
8.1389,0.3362,35.9862
8.1483,0.3432,36.7037
8.1575,0.3503,37.4328
8.1665,0.3574,38.1745
8.1753,0.3644,38.9273
8.1838,0.3716,39.6921
8.1922,0.3787,40.4681
8.2003,0.3858,41.2553
8.2082,0.393,42.0544
8.216,0.4001,42.8647
8.2235,0.4073,43.686
8.2308,0.4145,44.519
8.2379,0.4217,45.3628
8.2448,0.4289,46.2173
8.2515,0.4361,47.0831
8.2581,0.4434,47.9601
8.2644,0.4506,48.8488
8.2705,0.4579,49.7483
8.2765,0.4651,50.6574
8.2823,0.4724,51.5775
8.2878,0.4797,52.5085
8.2932,0.487,53.4491
8.2985,0.4943,54.4008
8.3035,0.5016,55.3624
8.3084,0.5089,56.3334
8.3131,0.5163,57.3145
8.3177,0.5236,58.3042
8.322,0.531,59.303
8.3262,0.5384,60.3105
8.3303,0.5458,61.3262
8.3342,0.5532,62.3507
8.3379,0.5606,63.3823
8.3415,0.568,64.4204
8.3449,0.5755,65.4655
8.3481,0.583,66.5182
8.3512,0.5905,67.5767
8.3541,0.598,68.6392
8.3569,0.6055,69.7073
8.3595,0.6131,70.7803
8.362,0.6206,71.8576
8.3644,0.6282,72.9384
8.3665,0.6358,74.0208
8.3686,0.6435,75.1065
8.3705,0.6512,76.1947
8.3722,0.6588,77.2835
8.3738,0.6666,78.3733
8.3752,0.6743,79.4634
8.3765,0.6821,80.553
8.3777,0.6899,81.6413
8.3787,0.6978,82.7289
8.3795,0.7056,83.8149
8.3802,0.7136,84.8975
8.3808,0.7215,85.9771
8.3812,0.7295,87.0542
8.3815,0.7375,88.1269
8.3816,0.7456,89.1933
8.3815,0.7537,90.2552
8.3814,0.7619,91.3131
8.381,0.7701,92.3639
8.3805,0.7783,93.407
8.3799,0.7866,94.4443
8.3791,0.7949,95.4751
8.3781,0.8033,96.4965
8.377,0.8118,97.5104
8.3757,0.8202,98.5163
8.3743,0.8288,99.5124
8.3727,0.8374,100.4996
8.371,0.846,101.4773
8.369,0.8548,102.4463
8.3669,0.8635,103.4051
8.3647,0.8724,104.3522
8.3623,0.8813,105.2895
8.3597,0.8902,106.2052
8.3569,0.8993,106.7883
8.3541,0.9085,107.2342
8.3511,0.9178,107.6955
8.348,0.9272,108.1727
8.3448,0.9367,108.6665
8.3414,0.9464,109.1773
8.3379,0.9561,109.7061
8.3343,0.966,110.2538
8.3305,0.976,110.8208
8.3266,0.986,111.4082
8.3224,0.9962,112.0164
8.3182,1.0065,112.6459
8.3137,1.0168,113.2982
8.3091,1.0272,113.9746
8.3042,1.0377,114.6755
8.2992,1.0483,115.4001
8.2942,1.0586,116.1402
8.289,1.0688,116.8896
8.2838,1.0788,117.6477
8.2785,1.0886,118.4139
8.2731,1.0982,119.1887
8.2676,1.1077,119.9719
8.2621,1.117,120.763
8.2565,1.1261,121.5624
8.2508,1.135,122.3699
8.2451,1.1438,123.186
8.2393,1.1524,124.0099
8.2334,1.1609,124.8417
8.2275,1.1691,125.6815
8.2215,1.1772,126.5288
8.2154,1.1852,127.3838
8.2092,1.193,128.2464
8.203,1.2006,129.1158
8.1968,1.2081,129.9924
8.1904,1.2154,130.8765
8.184,1.2226,131.7672
8.1775,1.2296,132.6643
8.171,1.2365,133.5676
8.1644,1.2432,134.4772
8.1578,1.2498,135.3931
8.151,1.2562,136.3148
8.1443,1.2625,137.2421
8.1374,1.2686,138.1745
8.1305,1.2746,139.1125
8.1235,1.2804,140.055
8.1165,1.2861,141.0015
8.1094,1.2917,141.9525
8.1022,1.2971,142.9075
8.095,1.3024,143.8662
8.0877,1.3075,144.8281
8.0803,1.3125,145.7929
8.0729,1.3174,146.7607
8.0654,1.3221,147.7313
8.0579,1.3267,148.7034
8.0503,1.3311,149.6774
8.0426,1.3354,150.6535
8.0349,1.3396,151.6306
8.0271,1.3437,152.6083
8.0192,1.3476,153.5867
8.0113,1.3513,154.5656
8.0033,1.355,155.5444
7.9952,1.3585,156.5228
7.9871,1.3618,157.5002
7.9789,1.3651,158.4764
7.9706,1.3682,159.4515
7.9623,1.3711,160.4252
7.9539,1.374,161.397
7.9455,1.3766,162.3673
7.9369,1.3792,163.335
7.9284,1.3816,164.299
7.9197,1.3839,165.2603
7.911,1.386,166.2185
7.9022,1.388,167.1734
7.8933,1.3899,168.1246
7.8844,1.3916,169.0717
7.8754,1.3932,170.0151
7.8663,1.3946,170.9538
7.8572,1.3959,171.8883
7.848,1.3971,172.8176
7.8387,1.3981,173.7421
7.8294,1.399,174.6622
7.82,1.3997,175.5764
7.8106,1.4003,176.4851
7.801,1.4007,177.3888
7.7914,1.401,178.2872
7.7818,1.4012,179.1796
7.772,1.4011,-179.9335
7.7623,1.401,-179.0524
7.7524,1.4007,-178.1776
7.7425,1.4002,-177.3087
7.7325,1.3996,-176.4459
7.7225,1.3988,-175.589
7.7124,1.3979,-174.7378
7.7022,1.3968,-173.8928
7.692,1.3956,-173.0539
7.6818,1.3942,-172.2213
7.6715,1.3926,-171.3948
7.6611,1.3909,-170.574
7.6507,1.389,-169.7594
7.6402,1.3869,-168.9508
7.6297,1.3847,-168.1483
7.6191,1.3824,-167.3513
7.6085,1.3798,-166.5597
7.5979,1.3771,-165.7744
7.5872,1.3743,-164.9948
7.5765,1.3712,-164.2203
7.5657,1.368,-163.4512
7.5549,1.3647,-162.6874
7.5441,1.3612,-161.9292
7.5333,1.3575,-161.176
7.5224,1.3536,-160.4277
7.5116,1.3496,-159.6844
7.5007,1.3454,-158.9455
7.4898,1.341,-158.2113
7.4789,1.3365,-157.4816
7.4679,1.3318,-156.7561
7.457,1.327,-156.0347
7.4461,1.3219,-155.317
7.4352,1.3168,-154.6033
7.4243,1.3114,-153.8932
7.4134,1.3059,-153.187
7.4026,1.3003,-152.484
7.3917,1.2945,-151.7838
7.3809,1.2885,-151.0867
7.3701,1.2824,-150.3923
7.3594,1.2761,-149.7007
7.3487,1.2696,-149.0113
7.338,1.2631,-148.3241
7.3274,1.2564,-147.6391
7.3169,1.2495,-146.9558
7.3063,1.2425,-146.2739
7.2959,1.2353,-145.6104
7.2854,1.2281,-145.6224
7.2747,1.2209,-145.9651
7.2638,1.2137,-146.2845
7.2528,1.2064,-146.5835
7.2416,1.1991,-146.8643
7.2303,1.1917,-147.1284
7.2188,1.1844,-147.3777
7.2071,1.177,-147.6135
7.1953,1.1696,-147.8368
7.1833,1.1621,-148.049
7.1712,1.1546,-148.2509
7.1589,1.147,-148.4434
7.1465,1.1395,-148.6273
7.1339,1.1319,-148.8031
7.1212,1.1242,-148.9714
7.1083,1.1165,-149.133
7.0953,1.1088,-149.2883
7.0821,1.101,-149.4374
7.0688,1.0932,-149.5809
7.0553,1.0853,-149.7193
7.0417,1.0774,-149.8528
7.0279,1.0694,-149.9818
7.014,1.0614,-150.1064
6.9999,1.0534,-150.2269
6.9857,1.0453,-150.3438
6.9713,1.0371,-150.4571
6.9568,1.029,-150.5669
6.9422,1.0207,-150.6736
6.9274,1.0124,-150.7773
6.9124,1.0041,-150.8781
6.8974,0.9957,-150.976
6.8821,0.9873,-151.0715
6.8667,0.9789,-151.1645
6.8512,0.9703,-151.2552
6.8355,0.9618,-151.3437
6.8197,0.9532,-151.43
6.8038,0.9445,-151.5143
6.7877,0.9358,-151.5968
6.7714,0.927,-151.6773
6.755,0.9182,-151.7561
6.7385,0.9094,-151.8333
6.7218,0.9005,-151.9088
6.705,0.8915,-151.9828
6.688,0.8825,-152.0555
6.6709,0.8735,-152.1266
6.6537,0.8644,-152.1964
6.6363,0.8552,-152.265
6.6187,0.846,-152.3323
6.6011,0.8368,-152.3985
6.5832,0.8275,-152.4635
6.5653,0.8182,-152.5274
6.5471,0.8088,-152.5903
6.5289,0.7993,-152.6522
6.5104,0.7898,-152.7132
6.4919,0.7803,-152.7732
6.4732,0.7707,-152.8324
6.4544,0.761,-152.8907
6.4354,0.7514,-152.9482
6.4163,0.7416,-153.0049
6.397,0.7318,-153.0609
6.3776,0.722,-153.1161
6.3581,0.7121,-153.1707
6.3384,0.7022,-153.2246
6.3186,0.6922,-153.2779
6.2986,0.6821,-153.3306
6.2785,0.6721,-153.3828
6.2582,0.6619,-153.4343
6.2378,0.6517,-153.4854
6.2172,0.6415,-153.5359
6.1966,0.6312,-153.586
6.1757,0.6209,-153.6356
6.1548,0.6105,-153.6847
6.1336,0.6001,-153.7334
6.1123,0.5896,-153.7818
6.091,0.5791,-153.8298
6.0694,0.5686,-153.8774
6.0477,0.5579,-153.9248
6.0258,0.5473,-153.9718
6.0039,0.5366,-154.0185
5.9817,0.5258,-154.0649
5.9595,0.515,-154.111
5.9371,0.5041,-154.1569
5.9145,0.4932,-154.2026
5.892,0.4824,-154.2478
5.8695,0.4715,-154.2926
5.8469,0.4607,-154.337
5.8244,0.4499,-154.381
5.8019,0.4391,-154.4246
5.7793,0.4283,-154.4678
5.7567,0.4176,-154.5108
5.7342,0.4068,-154.5534
5.7116,0.3961,-154.5957
5.689,0.3854,-154.6377
5.6664,0.3747,-154.6795
5.6438,0.364,-154.7211
5.6212,0.3534,-154.7624
5.5985,0.3427,-154.8035
5.5759,0.3321,-154.8445
5.5533,0.3215,-154.8853
5.5306,0.3109,-154.9259
5.508,0.3003,-154.9665
5.4853,0.2898,-155.0068
5.4627,0.2792,-155.0472
5.44,0.2687,-155.0874
5.4173,0.2582,-155.1276
5.3946,0.2477,-155.1677
5.3719,0.2372,-155.2078
5.3492,0.2267,-155.2479
5.3265,0.2163,-155.288
5.3038,0.2058,-155.3281
5.2811,0.1954,-155.3682
5.2583,0.185,-155.4084
5.2356,0.1746,-155.4487
5.2129,0.1643,-155.489
5.1901,0.1539,-155.5294
5.1673,0.1435,-155.57
5.1446,0.1332,-155.6107
5.1218,0.1229,-155.6515
5.099,0.1126,-155.6925
5.0762,0.1024,-155.7337
5.0534,0.0921,-155.7751
5.0306,0.0819,-155.8167
5.0078,0.0716,-155.8585
4.985,0.0614,-155.9006
4.9621,0.0512,-155.943
4.9393,0.0411,-155.9858
4.9165,0.0309,-156.0287
4.8936,0.0208,-156.0721
4.8707,0.0106,-156.1158
4.8479,0.0006,-156.1599
4.8253,-0.0094,-156.2041
4.8027,-0.0194,-156.2485
4.7803,-0.0292,-156.2932
4.758,-0.039,-156.338
4.7359,-0.0487,-156.383
4.7138,-0.0583,-156.4283
4.6919,-0.0678,-156.4738
4.6701,-0.0773,-156.5195
4.6485,-0.0866,-156.5656
4.627,-0.096,-156.6119
4.6056,-0.1052,-156.6586
4.5844,-0.1143,-156.7055
4.5633,-0.1234,-156.7529
4.5423,-0.1324,-156.8006
4.5214,-0.1413,-156.8488
4.5007,-0.1502,-156.8974
4.4801,-0.1589,-156.9463
4.4596,-0.1676,-156.9958
4.4393,-0.1762,-157.0457
4.4191,-0.1848,-157.0962
4.399,-0.1932,-157.1471
4.379,-0.2016,-157.1987
4.3592,-0.2099,-157.2508
4.3396,-0.2181,-157.3035
4.32,-0.2263,-157.3568
4.3006,-0.2344,-157.4107
4.2813,-0.2424,-157.4654
4.2621,-0.2503,-157.5208
4.2431,-0.2582,-157.577
4.2242,-0.2659,-157.6339
4.2054,-0.2736,-157.6916
4.1868,-0.2813,-157.7502
4.1683,-0.2888,-157.8096
4.1499,-0.2963,-157.8699
4.1317,-0.3037,-157.9312
4.1136,-0.311,-157.9935
4.0956,-0.3182,-158.0569
4.0777,-0.3254,-158.1213
4.06,-0.3325,-158.1868
4.0424,-0.3395,-158.2535
4.025,-0.3465,-158.3215
4.0077,-0.3533,-158.3907
3.9905,-0.3601,-158.4612
3.9734,-0.3668,-158.5332
3.9565,-0.3734,-158.6066
3.9397,-0.38,-158.6816
3.923,-0.3865,-158.7582
3.9064,-0.3929,-158.8365
3.8901,-0.3992,-158.9164
3.8738,-0.4055,-158.9982
3.8576,-0.4116,-159.0819
3.8416,-0.4177,-159.1676
3.8257,-0.4237,-159.2555
3.81,-0.4297,-159.3457
3.7943,-0.4355,-159.4381
3.7788,-0.4413,-159.533
3.7635,-0.447,-159.6305
3.7482,-0.4527,-159.7307
3.7332,-0.4582,-159.8337
3.7182,-0.4637,-159.9397
3.7034,-0.469,-160.049
3.6887,-0.4744,-160.1617
3.6741,-0.4796,-160.2781
3.6596,-0.4847,-160.3982
3.6453,-0.4898,-160.5225
3.6311,-0.4948,-160.651
3.6171,-0.4997,-160.7839
3.6031,-0.5045,-160.922
3.5894,-0.5092,-161.0652
3.5757,-0.5139,-161.2139
3.5621,-0.5184,-161.3688
3.5487,-0.5229,-161.5302
3.5354,-0.5273,-161.6984
3.5223,-0.5316,-161.8741
3.5093,-0.5358,-162.0579
3.4964,-0.54,-162.2504
3.4836,-0.544,-162.4525
3.471,-0.5479,-162.6649
3.4585,-0.5518,-162.8887
3.4461,-0.5555,-163.1251
3.4339,-0.5592,-163.375
3.4217,-0.5628,-163.6402
3.4097,-0.5662,-163.9223
3.3979,-0.5696,-164.223
3.3861,-0.5728,-164.5446
3.3745,-0.5759,-164.9151
3.3627,-0.579,-165.5479
3.3508,-0.5819,-166.2174
3.3387,-0.5847,-166.8561
3.3264,-0.5875,-167.4664
3.3139,-0.5901,-168.0499
3.3012,-0.5927,-168.6082
3.2884,-0.5951,-169.1428
3.2754,-0.5975,-169.6554
3.2623,-0.5998,-170.1472
3.249,-0.602,-170.6189
3.2355,-0.6041,-171.0724
3.2218,-0.6061,-171.5087
3.208,-0.6081,-171.9286
3.194,-0.61,-172.333
3.1799,-0.6118,-172.7225
3.1656,-0.6135,-173.098
3.1512,-0.6152,-173.4601
3.1366,-0.6167,-173.8094
3.1218,-0.6183,-174.1472
3.1069,-0.6197,-174.4736
3.0918,-0.6211,-174.7889
3.0765,-0.6224,-175.0941
3.0611,-0.6236,-175.3897
3.0456,-0.6248,-175.6758
3.0298,-0.6259,-175.953
3.014,-0.627,-176.2217
2.998,-0.628,-176.482
2.9818,-0.6289,-176.7344
2.9655,-0.6297,-176.9796
2.949,-0.6305,-177.2175
2.9324,-0.6313,-177.4485
2.9156,-0.632,-177.6729
2.8986,-0.6326,-177.8908
2.8816,-0.6332,-178.1027
2.8643,-0.6337,-178.3088
2.8469,-0.6341,-178.5092
2.8294,-0.6345,-178.7041
2.8117,-0.6349,-178.8938
2.7938,-0.6351,-179.0785
2.7758,-0.6354,-179.2583
2.7577,-0.6356,-179.4332
2.7394,-0.6357,-179.6036
2.7209,-0.6358,-179.7696
2.7024,-0.6358,-179.9313
2.6836,-0.6357,179.911
2.6647,-0.6357,179.7573
2.6456,-0.6355,179.6076
2.6264,-0.6354,179.4615
2.6071,-0.6351,179.3192
2.5876,-0.6348,179.1804
2.568,-0.6345,179.0451
2.5482,-0.6341,178.9131
2.5282,-0.6337,178.7843
2.5081,-0.6333,178.6586
2.4879,-0.6327,178.5361
2.4675,-0.6322,178.4167
2.4469,-0.6316,178.3002
2.4262,-0.6309,178.1864
2.4054,-0.6302,178.0754
2.3844,-0.6295,177.9672
2.3633,-0.6287,177.8617
2.342,-0.6278,177.7588
2.3206,-0.627,177.6584
2.299,-0.626,177.5605
2.2773,-0.6251,177.465
2.2554,-0.6241,177.372
2.2334,-0.623,177.2813
2.2112,-0.6219,177.1929
2.1889,-0.6208,177.1067
2.1664,-0.6196,177.0228
2.1438,-0.6184,176.9411
2.121,-0.6172,176.8616
2.0981,-0.6159,176.7842
2.0751,-0.6146,176.7089
2.0519,-0.6132,176.6358
2.0285,-0.6118,176.5646
2.005,-0.6104,176.4954
1.9813,-0.6089,176.4282
1.9575,-0.6074,176.3631
1.9336,-0.6058,176.2999
1.9097,-0.6043,176.2389
1.8859,-0.6027,176.1804
1.8622,-0.6011,176.1245
1.8387,-0.5995,176.071
1.8154,-0.5978,176.0199
1.7923,-0.5962,175.9712
1.7692,-0.5946,175.9247
1.7463,-0.5929,175.8803
1.7236,-0.5913,175.8381
1.7011,-0.5896,175.7979
1.6786,-0.5879,175.7597
1.6564,-0.5863,175.7235
1.6342,-0.5846,175.6891
1.6123,-0.5829,175.6566
1.5905,-0.5813,175.6258
1.5688,-0.5796,175.5968
1.5473,-0.5779,175.5694
1.5259,-0.5763,175.5438
1.5047,-0.5746,175.5197
1.4836,-0.5729,175.4973
1.4627,-0.5713,175.4763
1.4419,-0.5696,175.4569
1.4213,-0.568,175.439
1.4008,-0.5664,175.4226
1.3805,-0.5647,175.4076
1.3604,-0.5631,175.394
1.3403,-0.5615,175.3818
1.3205,-0.5599,175.3709
1.3007,-0.5583,175.3613
1.2811,-0.5567,175.3531
1.2618,-0.5551,175.3462
1.2425,-0.5535,175.3405
1.2233,-0.552,175.3361
1.2044,-0.5504,175.333
1.1856,-0.5489,175.331
1.1669,-0.5474,175.3303
1.1484,-0.5458,175.3308
1.13,-0.5443,175.3324
1.1118,-0.5429,175.3353
1.0937,-0.5414,175.3392
1.0758,-0.5399,175.3444
1.058,-0.5385,175.3506
1.0404,-0.5371,175.358
1.0229,-0.5356,175.3665
1.0055,-0.5342,175.3761
0.9884,-0.5328,175.3868
0.9714,-0.5315,175.3986
0.9545,-0.5301,175.4115
0.9378,-0.5288,175.4254
0.9212,-0.5275,175.4405
0.9047,-0.5262,175.4565
0.8885,-0.5249,175.4737
0.8723,-0.5236,175.4919
0.8563,-0.5223,175.5111
0.8405,-0.5211,175.5314
0.8248,-0.5199,175.5527
0.8093,-0.5187,175.575
0.7939,-0.5175,175.5984
0.7786,-0.5163,175.6228
0.7636,-0.5152,175.6482
0.7486,-0.5141,175.6746
0.7338,-0.5129,175.7021
0.7192,-0.5118,175.7306
0.7047,-0.5108,175.76
0.6903,-0.5097,175.7905
0.6762,-0.5087,175.822
0.6621,-0.5077,175.8544
0.6482,-0.5067,175.8879
0.6345,-0.5057,175.9224
0.6209,-0.5047,175.9578
0.6074,-0.5038,175.9943
0.5941,-0.5029,176.0317
0.581,-0.502,176.0701
0.5679,-0.5011,176.1095
0.5551,-0.5002,176.1499
0.5424,-0.4994,176.1912
0.5298,-0.4985,176.2335
0.5174,-0.4977,176.2768
0.5051,-0.4969,176.321
0.493,-0.4962,176.3662
0.4811,-0.4954,176.4122
0.4693,-0.4947,176.4593
0.4576,-0.494,176.5073
0.4461,-0.4933,176.5563
0.4347,-0.4926,176.6061
0.4235,-0.492,176.6569
0.4125,-0.4913,176.7085
0.4015,-0.4907,176.7611
0.3908,-0.4901,176.8146
0.3802,-0.4895,176.8688
0.3697,-0.489,176.9241
0.3594,-0.4884,176.9801
0.3492,-0.4879,177.037
0.3392,-0.4874,177.0947
0.3293,-0.4869,177.1532
0.3196,-0.4864,177.2125
0.31,-0.486,177.2726
0.3006,-0.4855,177.3335
0.2913,-0.4851,177.395
0.2822,-0.4847,177.4573
0.2732,-0.4843,177.5202
0.2644,-0.4839,177.5839
0.2557,-0.4836,177.6482
0.2472,-0.4832,177.713
0.2388,-0.4829,177.7784
0.2306,-0.4826,177.8445
0.2225,-0.4823,177.911
0.2146,-0.482,177.9779
0.2068,-0.4818,178.0453
0.1992,-0.4815,178.1132
0.1917,-0.4813,178.1815
0.1843,-0.481,178.25
0.1772,-0.4808,178.3188
0.1701,-0.4806,178.3878
0.1633,-0.4804,178.457
0.1565,-0.4803,178.5264
0.1499,-0.4801,178.5959
0.1435,-0.48,178.6654
0.1372,-0.4798,178.7348
0.1311,-0.4797,178.804
0.1251,-0.4796,178.8731
0.1193,-0.4795,178.9421
0.1136,-0.4794,179.0108
0.1081,-0.4793,179.0789
0.1027,-0.4792,179.1467
0.0974,-0.4791,179.2141
0.0924,-0.4791,179.2808
0.0874,-0.479,179.3468
0.0826,-0.479,179.4121
0.078,-0.4789,179.4767
0.0735,-0.4789,179.5404
0.0692,-0.4789,179.603
0.065,-0.4788,179.6644
0.061,-0.4788,179.7247
0.0571,-0.4788,179.7839
0.0534,-0.4788,179.8418
0.0498,-0.4788,179.8982
0.0463,-0.4788,179.9533
0.0431,-0.4788,-179.9934
0.0399,-0.4788,-179.9419
0.0369,-0.4788,-179.8919
0.0341,-0.4788,-179.8438
0.0314,-0.4788,-179.7977
0.0289,-0.4788,-179.7535
0.0265,-0.4788,-179.7115
0.0243,-0.4788,-179.6714
0.0222,-0.4789,-179.6335
0.0202,-0.4789,-179.5982
0.0185,-0.4789,-179.5652
0.0168,-0.4789,-179.5346
0.0153,-0.4789,-179.5064
0.014,-0.4789,-179.4807
0.0128,-0.4789,-179.4577
0.0118,-0.4789,-179.4373
0.0109,-0.4789,-179.4194
0.0102,-0.479,-179.4044
0.0096,-0.479,-179.3922
0.0092,-0.479,-179.3829
0.0089,-0.479,-179.3762
0.0087,-0.479,-179.3722